Column1,Column2
0,1
4,-1.719111711
8,2.655121415
12,-2.030805316
16,-1.561372689
20,2.720987647
24,-1.419299494
28,1.199173872
32,1.880147922
36,-1.112410306
40,1.215992537
